"image"|"name"
""|Cream Cheese
""|Milk Substitutes
""|Cooking Oil & Vinegar
""|Frozen Bread & Dough
""|Nuts
https://target.scene7.com/is/image/Target/GUEST_0fedfb9f-e695-48ce-ab5b-9cb6d3921b02|Fresh Dressings & Dips
https://target.scene7.com/is/image/Target/GUEST_fcafade4-0363-4c86-b5fd-58ee1fa619cb|Salad Mixes
https://target.scene7.com/is/image/Target/GUEST_e875fac8-cac7-4e2b-b8bf-0d3e42bedad5|Chicken
https://target.scene7.com/is/image/Target/GUEST_5c08b4e9-aabc-4b79-a579-0e33b9f849c7|Beef
https://target.scene7.com/is/image/Target/GUEST_a1d8ac0a-6af5-4fb1-b613-b9e53440ecbe|Hot Dogs
https://target.scene7.com/is/image/Target/GUEST_1230d0c5-511f-4a09-8d31-bc5f99adf30f|Bacon
https://target.scene7.com/is/image/Target/GUEST_5bee7ef5-a789-4881-9191-db47997529a9|Specialty Meats
https://target.scene7.com/is/image/Target/GUEST_613e5fc0-96f9-41b3-9dba-7ea3c7c01287|Wine
https://target.scene7.com/is/image/Target/GUEST_4ecb6fb0-8af1-4e6c-817d-a7d6633c381c|Ready To Drink Cocktails
https://target.scene7.com/is/image/Target/GUEST_8e694e77-7944-4906-91da-375b10e14e6a|Our Favorites
https://target.scene7.com/is/image/Target/GUEST_d440ed4b-7105-436a-909c-db0664ac72e3|Milk
https://target.scene7.com/is/image/Target/GUEST_41c6f25b-c2e8-4ec6-bd56-be0115ddbe7e|Sour Cream & Dips
https://target.scene7.com/is/image/Target/GUEST_393a7c9a-e12f-4983-8f4a-e58100a6192d|Eggs
https://target.scene7.com/is/image/Target/GUEST_f5e8fe1b-7fc5-43c7-83cf-fcab07ef5d54|Refrigerated Doughs
https://target.scene7.com/is/image/Target/GUEST_2de19a53-e9aa-4350-b268-d18020cc2765|Pizza Crusts
https://target.scene7.com/is/image/Target/GUEST_fa3b0ac4-e360-4efe-95f9-81f5e580a425|Bagels & Muffins
https://target.scene7.com/is/image/Target/GUEST_5c007fc1-89a6-4c00-a53e-e6e7b28eb8fa|Tortillas, Pitas & Wraps
https://target.scene7.com/is/image/Target/GUEST_1e2d0718-b5a9-497a-8049-9de3a04a33aa|Boxed Meals & Side Dishes
https://target.scene7.com/is/image/Target/GUEST_32aa08e5-841e-4ddd-b40f-9e325c523e01|Sauces, Salsa & Marinades
https://target.scene7.com/is/image/Target/GUEST_1a0bb86f-4bf3-4bee-9378-2471a58aeb7f|Canned & Packaged Foods
https://target.scene7.com/is/image/Target/GUEST_61a8e21e-38cf-492b-9de5-d31b49325437|Condiments & Salad Dressings
https://target.scene7.com/is/image/Target/GUEST_d7f74e91-0dcf-42a1-a1d1-b1d012f17451|Baking Staples
https://target.scene7.com/is/image/Target/GUEST_bc89fe2c-0f35-42d5-9975-de7e305bbaff|Emergency Food
https://target.scene7.com/is/image/Target/GUEST_f9c6ed0a-515b-4368-947b-1c758053787b|Ice Cream & Frozen Dairy Desserts
https://target.scene7.com/is/image/Target/GUEST_0d74476d-a50d-4e4d-9bed-7d8c42f0fbdb|Frozen Breakfast Food
https://target.scene7.com/is/image/Target/GUEST_8ea6b3ca-f4d9-4460-a04a-785d669235d5|Frozen Fruit
https://target.scene7.com/is/image/Target/GUEST_4c607b35-b9e3-45ae-8ae6-0c62cf1c21f9|Frozen Desserts
https://target.scene7.com/is/image/Target/GUEST_347aa33b-4e7d-4617-ad36-6f95cdda214f|Soda & Pop
https://target.scene7.com/is/image/Target/GUEST_968d5210-ba94-409e-ada0-ab9444e0a1c1|Tea
https://target.scene7.com/is/image/Target/GUEST_a8ce950e-6ed1-452f-9f66-3e7ffcb1a9c1|Cocoa
https://target.scene7.com/is/image/Target/GUEST_1745d032-35ca-471f-89a1-860115cc3247|Water
https://target.scene7.com/is/image/Target/GUEST_f9052e1e-c2d6-44d4-b31a-18bacf675885|Energy & Sports Drinks
https://target.scene7.com/is/image/Target/GUEST_973cdca9-9785-45cd-9cf9-99cbd3028f29|Fall Beverages
https://target.scene7.com/is/image/Target/GUEST_038d36f1-4901-418b-b256-7d5913e22a4a|Toaster Pastries
https://target.scene7.com/is/image/Target/GUEST_3beecac5-3e25-4dcc-b3f5-3cd04c343159|Chips
https://target.scene7.com/is/image/Target/GUEST_f336d926-b8fb-45b3-800d-4bf82f7f38f0|Popcorn
https://target.scene7.com/is/image/Target/GUEST_e5762d9b-f41c-45eb-8ee1-0c69313e6283|Dried Fruit & Raisins
https://target.scene7.com/is/image/Target/GUEST_309a4757-1b6f-4c19-802c-a91bf70e0ba1|Snack Cakes
https://target.scene7.com/is/image/Target/GUEST_85c89893-3fd8-453b-9e8f-7de9023b046c|Pretzels
https://target.scene7.com/is/image/Target/GUEST_3fb0f126-c25d-45fe-81a6-0e2a0ab8af42|Packaged Lunch Meat
https://target.scene7.com/is/image/Target/GUEST_baee48cb-5460-4b8d-83ad-93dbbbfa483b|Party Trays
https://target.scene7.com/is/image/Target/GUEST_271b6bd3-1b76-4140-add0-6b70f9e7a005|Prepared Meals & Sides
https://target.scene7.com/is/image/Target/GUEST_2f154867-50a1-449c-b258-254800d2ede2|Charcuterie Board Ideas
https://target.scene7.com/is/image/Target/GUEST_033745a9-b6f5-45b9-a0ba-e23524a4e33b|Salad Ideas
https://target.scene7.com/is/image/Target/GUEST_9325b691-2048-4666-82e7-11b878b73c83|Fresh Fruit
https://target.scene7.com/is/image/Target/GUEST_a1e0bcf7-51b3-4733-ae91-ba70101861f0|Fresh Vegetables
https://target.scene7.com/is/image/Target/GUEST_98a97eb3-2940-4a38-b780-beb717a99688|Fresh Juices
https://target.scene7.com/is/image/Target/GUEST_fc755e88-24da-4630-b56d-abbc173ff7c6|Fresh Flowers
https://target.scene7.com/is/image/Target/GUEST_abb7f7f8-0fa2-41ba-b24b-1d3810956c03|Turkey
https://target.scene7.com/is/image/Target/GUEST_d8523c91-45e5-4b8e-bf0c-5087264fffd9|Pork
https://target.scene7.com/is/image/Target/GUEST_3cd76d4a-b925-4fd3-a2ff-7751b29803ad|Fish & Seafood
https://target.scene7.com/is/image/Target/GUEST_3e85d250-21fc-4709-bb95-cc100b276308|Sausages
https://target.scene7.com/is/image/Target/GUEST_5f86eb7a-5cb6-4d20-9b6e-df30201fc7f7|Meatless Alternatives
https://target.scene7.com/is/image/Target/GUEST_eef1451e-b8f7-47a1-b98b-78f6d83dc3f0|Beer
https://target.scene7.com/is/image/Target/GUEST_e0fbcd99-1385-48c4-b388-fe784663bb93|Build Your Perfect Burger
https://target.scene7.com/is/image/Target/GUEST_e0fbcd99-1385-48c4-b388-fe784663bb93|Meal & Snack Ideas for Kids
https://target.scene7.com/is/image/Target/GUEST_f7e2b2c2-7d0b-4bf5-8b12-3f86f533d297|Dinner in Minutes
https://target.scene7.com/is/image/Target/GUEST_30986556-21b4-4d91-90a6-3a3ea9d9d3b0|Fillings and Spreads
https://target.scene7.com/is/image/Target/GUEST_c31411e3-0ca7-47cc-964a-cfffc312e78b|Sweets
https://target.scene7.com/is/image/Target/GUEST_bd6fa561-72b9-4ec0-899c-82c4be1c33c5|Graham Crackers & More
https://target.scene7.com/is/image/Target/GUEST_ae176209-2178-4c24-b78d-71f63bfa4cde|Liquor
https://target.scene7.com/is/image/Target/GUEST_3af629f0-4915-4960-914d-f2176d18e385|Hard Seltzers
https://target.scene7.com/is/image/Target/GUEST_2b623706-710a-45c0-8bcc-46631ddc7a44|Hard Ciders
https://target.scene7.com/is/image/Target/GUEST_a5788da5-391a-4202-b96b-680b81c036a5|Perfect Meal Pairings
https://target.scene7.com/is/image/Target/GUEST_3636855c-a4f3-4dd2-a756-2249b029dee8|Yogurt
https://target.scene7.com/is/image/Target/GUEST_c4b7cd06-a29a-4c25-84a3-30ddbd2c7fe8|Cottage Cheese
https://target.scene7.com/is/image/Target/GUEST_46734303-d315-433e-b05c-5b520e7d0f39|Cheese
https://target.scene7.com/is/image/Target/GUEST_0b2f4f85-39f9-459d-89da-245737d406a1|Butter & Margarine
https://target.scene7.com/is/image/Target/GUEST_c3935e5f-5b66-4bf1-a38b-ad72121b9d4f|Cream & Whipped Toppings
https://target.scene7.com/is/image/Target/GUEST_fa6f5bec-b3e0-4312-b314-02a1124cffe4|Breads
https://target.scene7.com/is/image/Target/GUEST_0a76e821-4139-4ba8-9bbe-8319bcaff490|Frozen Meat, Poultry & Seafood
https://target.scene7.com/is/image/Target/GUEST_d44a049c-4bdc-42d6-a407-94b8d1b10ce6|Rolls & Buns
https://target.scene7.com/is/image/Target/GUEST_6bada254-b6d6-4b9b-8da5-b4d68883500f|Cakes, Cookies & Pies
https://target.scene7.com/is/image/Target/GUEST_5f5b43b7-c7dc-43aa-b25e-d0ae22af6c70|Donuts & Pastries
https://target.scene7.com/is/image/Target/GUEST_3f8bdb89-2649-4223-a074-8f8af5d66a6b|Soups, Broth & Chili
https://target.scene7.com/is/image/Target/GUEST_69191769-842b-4512-85f6-36f4f21ecbf5|Spices & Seasonings
https://target.scene7.com/is/image/Target/GUEST_4d2290b7-b69f-47d6-a6a1-10a67d4742de|Pasta, Rice & Grains
https://target.scene7.com/is/image/Target/GUEST_eddbd34f-dd98-4d22-a841-cd64dce0d652|Peanut Butter & Jelly
https://target.scene7.com/is/image/Target/GUEST_2c725733-f090-4413-bd0a-c82fc1033f51|Sugar & Sweeteners
https://target.scene7.com/is/image/Target/GUEST_102e3ade-1795-44de-8db2-01015e5605f5|Frozen Meals & Entrees
https://target.scene7.com/is/image/Target/GUEST_8918912e-d9db-445d-9304-ad72bc9db5b3|Frozen Vegetables
https://target.scene7.com/is/image/Target/GUEST_14f47b87-2fdf-4dd3-9a94-9d1cd794db1e|Frozen Potatoes
https://target.scene7.com/is/image/Target/GUEST_49ffc447-43c6-4136-a93d-5e33c3a53010|Frozen Pizza
https://target.scene7.com/is/image/Target/GUEST_548e616e-fed4-44ed-b957-01c35cca97e6|Frozen Appetizers & Snacks
https://target.scene7.com/is/image/Target/GUEST_08d89021-23e8-48e8-89bf-4d09fb7aac2e|Cocktail Mixers
https://target.scene7.com/is/image/Target/GUEST_b7f5d77a-ecd9-4b09-a311-ce81c6d44e56|Coffee
https://target.scene7.com/is/image/Target/GUEST_3ab98afc-4e8e-4e5a-bcfe-e65cf51fb197|Protein & Meal Replacement Drinks
https://target.scene7.com/is/image/Target/GUEST_6eed215e-d905-4e6f-95c6-2407c40b1102|Juice & Cider
https://target.scene7.com/is/image/Target/GUEST_757fd87c-980b-4763-ae04-e6dd67168e02|Vegan Foods
https://target.scene7.com/is/image/Target/GUEST_3cac0a41-d0d7-4650-b9de-5252cf6be78d|Vegetarian Foods
https://target.scene7.com/is/image/Target/GUEST_3d26a833-e9f1-4a95-acf5-86914d9d3349|DASH Foods
https://target.scene7.com/is/image/Target/GUEST_4decf019-41b1-48c5-b014-c87a2c400367|Paleo Foods
https://target.scene7.com/is/image/Target/GUEST_d227190c-9f4f-4f97-a44a-8bc81064cc89|Powdered & Liquid Drink Mixes
https://target.scene7.com/is/image/Target/GUEST_a542e6f5-c901-4886-9cce-df19ed4bedca|Cereal & Granola
https://target.scene7.com/is/image/Target/GUEST_220b55f3-9ffa-4003-8196-acc4a1d7d6c5|Pancake Mixes, Waffle Mixes & Syrup
https://target.scene7.com/is/image/Target/GUEST_3a4ec07b-b33c-42fa-a39c-51ca4e469529|Trail & Snack Mixes
https://target.scene7.com/is/image/Target/GUEST_cf38dcef-507b-4d21-86fe-0aa0dbce3849|Fruit Snacks
https://target.scene7.com/is/image/Target/GUEST_b8f100e8-4865-4cff-b3d7-839659e9f922|Salsa & Dips
https://target.scene7.com/is/image/Target/GUEST_11ba70ea-df03-4b74-aff9-c4ca2a5b2503|Cookies
https://target.scene7.com/is/image/Target/GUEST_dcfb8c62-4b1f-45c4-939f-e4c49a819a84|Crackers
https://target.scene7.com/is/image/Target/GUEST_f5e5dc8e-1922-4fb0-ac5b-a0a624cc889c|Meal Kits
https://target.scene7.com/is/image/Target/GUEST_fb2ee7a9-7fb4-4dcc-8bf1-6f232162075f|Snack Packs & On the Go Snacks
https://target.scene7.com/is/image/Target/GUEST_6466e9b5-c698-4b4c-be82-a0ba5a7aca94|Sliced Deli Meat & Deli Cheese
https://target.scene7.com/is/image/Target/GUEST_fcafade4-0363-4c86-b5fd-58ee1fa619cb|Prepared Salads & Sandwiches
https://target.scene7.com/is/image/Target/GUEST_4100478d-9224-46a6-a849-a8d15e931074|One Pot Soups & Stews
https://target.scene7.com/is/image/Target/GUEST_9325b691-2048-4666-82e7-11b878b73c83|Fruits
https://target.scene7.com/is/image/Target/GUEST_4ce0a5b4-22b9-44a7-9077-f0d01db91ec1|Brunch Ideas
https://target.scene7.com/is/image/Target/GUEST_869eb756-9b54-4c0e-ac65-7dc4a4ae1822|Organic Foods
https://target.scene7.com/is/image/Target/GUEST_105ce27a-9504-4645-b94e-569512712efe|Gluten Free Foods
https://target.scene7.com/is/image/Target/GUEST_dee86025-d7f2-42e6-9b71-54c68f061711|Mediterranean Foods
https://target.scene7.com/is/image/Target/GUEST_0e414055-12e6-4e20-829c-51d6089b1432|Ketogenic Foods
